{
    "mlp_model": {
        "W": [
            [],
            [
                [
                    -0.9999843239784241,
                    -0.7265403866767883,
                    0.5147129893302917,
                    -0.08723586797714233
                ],
                [
                    0.06553447246551514,
                    -0.5546351671218872,
                    -0.9030110239982605,
                    0.3543337285518646
                ]
            ]
        ],
        "X": [
            [
                1.0,
                0.7568627595901489
            ],
            [
                1.0,
                -0.8165323138237,
                -0.16715885698795319,
                0.17899684607982635
            ]
        ],
        "d": [
            1,
            3
        ],
        "deltas": [
            [
                0.0,
                0.08861608803272247
            ],
            [
                0.0,
                -0.3268858790397644,
                0.10595542192459106,
                0.07213956117630005
            ]
        ]
    }
}
